[
  {
    "ID": 61,
    "ValueEn": "Egypt",
    "ValueAr": "مصر",
    "DialCode": "+20",
    "CountryCode": "EG",
    "ModifiedBy": "AIgUO3mOWDarAIk8mXWs4IVwBLK2",
    "ModifiedDate": "2023-02-03",
    "CreatedBy": "AIgUO3mOWDarAIk8mXWs4IVwBLK2",
    "CreatedDate": "2023-02-03",
    "IsDelete": "False",
    "IsActive": "True",
    "NumbersLimit": 10,
    "NationalityEnglish": "Egyptian",
    "CurrencyCode": "EGP",
    "NationalityArabic": "مصري",
    "Sequence": 61,
    "FlagLink": "https://cdn.jsdelivr.net/npm/country-flag-emoji-json@2.0.0/dist/images/EG.svg",
    "IsActiveStudent": "True",
    "IsActiveTutor": "True",
    "BankValidation": 14,
    "TutorRegistration": "True",
    "StudentRegistration": "True"
  },
  {
    "ID": 96,
    "ValueEn": "India",
    "ValueAr": "الهند",
    "DialCode": "+91",
    "CountryCode": "IN",
    "ModifiedBy": "AIgUO3mOWDarAIk8mXWs4IVwBLK2",
    "ModifiedDate": "2023-02-03",
    "CreatedBy": "AIgUO3mOWDarAIk8mXWs4IVwBLK2",
    "CreatedDate": "2023-02-03",
    "IsDelete": "False",
    "IsActive": "True",
    "NumbersLimit": 10,
    "NationalityEnglish": "Indian",
    "CurrencyCode": "INR",
    "NationalityArabic": "هندي",
    "Sequence": 96,
    "FlagLink": "https://cdn.jsdelivr.net/npm/country-flag-emoji-json@2.0.0/dist/images/IN.svg",
    "IsActiveStudent": "True",
    "IsActiveTutor": "True",
    "BankValidation": 8,
    "TutorRegistration": "False",
    "StudentRegistration": "True"
  },
  {
    "ID": 113,
    "ValueEn": "Kuwait",
    "ValueAr": "الكويت",
    "DialCode": "+965",
    "CountryCode": "KW",
    "ModifiedBy": "AIgUO3mOWDarAIk8mXWs4IVwBLK2",
    "ModifiedDate": "2023-02-03",
    "CreatedBy": "AIgUO3mOWDarAIk8mXWs4IVwBLK2",
    "CreatedDate": "2023-02-03",
    "IsDelete": "False",
    "IsActive": "True",
    "NumbersLimit": 8,
    "NationalityEnglish": "Kuwaiti",
    "CurrencyCode": "KW",
    "NationalityArabic": "كويتي",
    "Sequence": 113,
    "FlagLink": "https://cdn.jsdelivr.net/npm/country-flag-emoji-json@2.0.0/dist/images/KW.svg",
    "IsActiveStudent": "True",
    "IsActiveTutor": "True",
    "BankValidation": 10,
    "TutorRegistration": "True",
    "StudentRegistration": "True"
  }
]